Workbook

Sheet Start Here
A1: Character & fitness kit
A2: Version 0.1, from LITSA at Suffolk Law. github.com/suffolklitsa/suffolk-guides
A4: What this is
A5: Bar applications ask for every address, job, school, legal matter and financial problem going back years. Filling this in as you go means you won't be rebuilding a decade from memory in 3L year.
A7: Your information stays with you
A8: This file lives wherever you save it. LITSA never sees it. Don't email it around or upload it to shared folders; keep it somewhere private and backed up.
A10: How to use it
A11: 1. Fill in each tab, oldest entries first. Gray columns calculate themselves; don't type in them.
A12: 2. Check the Dashboard. Red numbers are gaps or items that need an explanation.
A13: 3. On Law School App Check, compare your law school application answers with your records. Anything marked Amend goes to the Dean of Students before you file for the bar.
A14: 4. Request documents early on the Documents tab; requests over 30 days old turn amber.
A15: 5. Add a line to the Change Log each time you update. Review every semester.
... A18: Each jurisdiction asks different questions. Always answer the questions on the actual application, completely and truthfully, and ask the Dean of Students or the bar examiners if you're unsure whether something must be disclosed.

Sheet Dashboard
A1: Where things stand
A2: Addresses entered | B2: =COUNTA(Residences!A2:A61)
A3: Address gaps over 30 days | B3: =COUNTIF(Residences!L3:L61,">30")
A4: Jobs and gaps entered | B4: =COUNTA(Employment!A2:A61)
A5: Employment gaps over 30 days | B5: =COUNTIF(Employment!M3:M61,">30")
A6: Jobs that need an explanation | B6: =COUNTIF(Employment!K2:K61,"Yes")
A7: Schools entered | B7: =COUNTA(Education!A2:A61)
A8: Legal matters entered | B8: =COUNTA('Legal Matters'!A2:A61)
A9: Financial items not yet resolved | B9: =COUNTIFS(Financial!A2:A61,"<>",Financial!F2:F61,"")
A10: References who agreed | B10: =COUNTIF(References!G2:G61,"Yes")
A11: Law school answers to amend | B11: =COUNTIF('Law School App Check'!D2:D61,"Amend")
A12: Documents still outstanding | B12: =COUNTIF(Documents!E2:E61,"Requested")+COUNTIF(Documents!E2:E61,"Overdue")
A13: Last updated | B13: =IF(COUNT('Change Log'!A2:A61)=0,"",MAX('Change Log'!A2:A61))
A14: Next review due | B14: =IF(B13="","",B13+120)

Sheet Residences
A1: From | B1: To | C1: Street address | D1: Unit | E1: City | F1: State | G1: ZIP | H1: Country | I1: Lived with | J1: Landlord or contact | K1: Notes | L1: Days since previous address
L3: =IF(AND(A3<>"",B2<>""),A3-B2-1,"")
L4: =IF(AND(A4<>"",B3<>""),A4-B3-1,"")
L5: =IF(AND(A5<>"",B4<>""),A5-B4-1,"")
L6: =IF(AND(A6<>"",B5<>""),A6-B5-1,"")
L7: =IF(AND(A7<>"",B6<>""),A7-B6-1,"")
L8: =IF(AND(A8<>"",B7<>""),A8-B7-1,"")
L9: =IF(AND(A9<>"",B8<>""),A9-B8-1,"")
L10: =IF(AND(A10<>"",B9<>""),A10-B9-1,"")
L11: =IF(AND(A11<>"",B10<>""),A11-B10-1,"")
L12: =IF(AND(A12<>"",B11<>""),A12-B11-1,"")
L13: =IF(AND(A13<>"",B12<>""),A13-B12-1,"")
L14: =IF(AND(A14<>"",B13<>""),A14-B13-1,"")
... L61: =IF(AND(A61<>"",B60<>""),A61-B60-1,"")

Sheet Employment
A1: From | B1: To | C1: Employer (or "Unemployed") | D1: Employer address | E1: Supervisor | F1: Supervisor phone | G1: Supervisor email | H1: Title | I1: Hours | J1: Reason for leaving | K1: Needs explanation | L1: Explanation or notes | M1: Days since previous job
K2: =IF(OR(J2="Terminated",J2="Asked to resign"),"Yes","")
K3: =IF(OR(J3="Terminated",J3="Asked to resign"),"Yes","") | M3: =IF(AND(A3<>"",B2<>""),A3-B2-1,"")
K4: =IF(OR(J4="Terminated",J4="Asked to resign"),"Yes","") | M4: =IF(AND(A4<>"",B3<>""),A4-B3-1,"")
K5: =IF(OR(J5="Terminated",J5="Asked to resign"),"Yes","") | M5: =IF(AND(A5<>"",B4<>""),A5-B4-1,"")
K6: =IF(OR(J6="Terminated",J6="Asked to resign"),"Yes","") | M6: =IF(AND(A6<>"",B5<>""),A6-B5-1,"")
K7: =IF(OR(J7="Terminated",J7="Asked to resign"),"Yes","") | M7: =IF(AND(A7<>"",B6<>""),A7-B6-1,"")
K8: =IF(OR(J8="Terminated",J8="Asked to resign"),"Yes","") | M8: =IF(AND(A8<>"",B7<>""),A8-B7-1,"")
K9: =IF(OR(J9="Terminated",J9="Asked to resign"),"Yes","") | M9: =IF(AND(A9<>"",B8<>""),A9-B8-1,"")
K10: =IF(OR(J10="Terminated",J10="Asked to resign"),"Yes","") | M10: =IF(AND(A10<>"",B9<>""),A10-B9-1,"")
K11: =IF(OR(J11="Terminated",J11="Asked to resign"),"Yes","") | M11: =IF(AND(A11<>"",B10<>""),A11-B10-1,"")
K12: =IF(OR(J12="Terminated",J12="Asked to resign"),"Yes","") | M12: =IF(AND(A12<>"",B11<>""),A12-B11-1,"")
K13: =IF(OR(J13="Terminated",J13="Asked to resign"),"Yes","") | M13: =IF(AND(A13<>"",B12<>""),A13-B12-1,"")
K14: =IF(OR(J14="Terminated",J14="Asked to resign"),"Yes","") | M14: =IF(AND(A14<>"",B13<>""),A14-B13-1,"")
... K61: =IF(OR(J61="Terminated",J61="Asked to resign"),"Yes","") | M61: =IF(AND(A61<>"",B60<>""),A61-B60-1,"")

Sheet Education
A1: From | B1: To | C1: School | D1: City and state | E1: Degree or program | F1: Discipline or probation? | G1: Explanation

Sheet Legal Matters
A1: Date | B1: Type | C1: Court or agency | D1: Docket or citation number | E1: What happened | F1: Outcome | G1: Sealed, expunged or dismissed? | H1: Records obtained? | I1: Notes

Sheet Financial
A1: Item | B1: Type | C1: Amount | D1: Date | E1: Current status | F1: Resolved on | G1: Notes

Sheet Licenses
A1: Type | B1: State or issuer | C1: Number (last 4 only) | D1: Issued | E1: Expires | F1: Status | G1: Notes

Sheet References
A1: Name | B1: Relationship | C1: Years known | D1: Phone | E1: Email | F1: Asked on | G1: Agreed?

Sheet Law School App Check
A1: Question on your law school application | B1: What you answered then | C1: What your records show now | D1: Match or amend? | E1: Amendment filed on | F1: Notes

Sheet Documents
A1: Document | B1: Where to get it | C1: Requested on | D1: Received on | E1: Status | F1: Notes
A2: Driving record, for every state where you've held a license | B2: Each state's motor vehicle agency (in Massachusetts, the RMV on mass.gov) | E2: =IF(D2<>"","Received",IF(AND(C2<>"",TODAY()-C2>30),"Overdue",IF(C2<>"","Requested","")))
A3: Credit report | B3: annualcreditreport.com, the free official site for all three bureaus | E3: =IF(D3<>"","Received",IF(AND(C3<>"",TODAY()-C3>30),"Overdue",IF(C3<>"","Requested","")))
A4: Court records for each matter on the Legal Matters tab | B4: The clerk's office of the court that handled it | E4: =IF(D4<>"","Received",IF(AND(C4<>"",TODAY()-C4>30),"Overdue",IF(C4<>"","Requested","")))
A5: A copy of your law school application | B5: Suffolk Law Admissions or the Dean of Students office | E5: =IF(D5<>"","Received",IF(AND(C5<>"",TODAY()-C5>30),"Overdue",IF(C5<>"","Requested","")))
A6: Transcripts and any discipline records from each school | B6: Each school's registrar or dean of students | E6: =IF(D6<>"","Received",IF(AND(C6<>"",TODAY()-C6>30),"Overdue",IF(C6<>"","Requested","")))
E7: =IF(D7<>"","Received",IF(AND(C7<>"",TODAY()-C7>30),"Overdue",IF(C7<>"","Requested","")))
E8: =IF(D8<>"","Received",IF(AND(C8<>"",TODAY()-C8>30),"Overdue",IF(C8<>"","Requested","")))
E9: =IF(D9<>"","Received",IF(AND(C9<>"",TODAY()-C9>30),"Overdue",IF(C9<>"","Requested","")))
E10: =IF(D10<>"","Received",IF(AND(C10<>"",TODAY()-C10>30),"Overdue",IF(C10<>"","Requested","")))
E11: =IF(D11<>"","Received",IF(AND(C11<>"",TODAY()-C11>30),"Overdue",IF(C11<>"","Requested","")))
E12: =IF(D12<>"","Received",IF(AND(C12<>"",TODAY()-C12>30),"Overdue",IF(C12<>"","Requested","")))
E13: =IF(D13<>"","Received",IF(AND(C13<>"",TODAY()-C13>30),"Overdue",IF(C13<>"","Requested","")))
E14: =IF(D14<>"","Received",IF(AND(C14<>"",TODAY()-C14>30),"Overdue",IF(C14<>"","Requested","")))
E15: =IF(D15<>"","Received",IF(AND(C15<>"",TODAY()-C15>30),"Overdue",IF(C15<>"","Requested","")))
E16: =IF(D16<>"","Received",IF(AND(C16<>"",TODAY()-C16>30),"Overdue",IF(C16<>"","Requested","")))
E17: =IF(D17<>"","Received",IF(AND(C17<>"",TODAY()-C17>30),"Overdue",IF(C17<>"","Requested","")))
E18: =IF(D18<>"","Received",IF(AND(C18<>"",TODAY()-C18>30),"Overdue",IF(C18<>"","Requested","")))
... E61: =IF(D61<>"","Received",IF(AND(C61<>"",TODAY()-C61>30),"Overdue",IF(C61<>"","Requested","")))

Sheet Change Log
A1: Date | B1: What changed
